<?xml version="1.0" encoding="utf-8"?>
<!-- This file is part of the DITA Open Toolkit project hosted on 
     Sourceforge.net. See the accompanying license.txt file for 
     applicable licenses.-->
<!-- (C) Copyright IBM Corporation 2001, 2005. All Rights Reserved.
 *-->
<!DOCTYPE concept
  PUBLIC '-//OASIS//DTD DITA Concept//EN'
  'dtd1.2/technicalContent/dtd/concept.dtd'>

<concept id="sample_concept" xml:lang="en-US">
  <title>Red Pandas</title>
  <shortdesc>A page about red pandas</shortdesc>
  <conbody>
    <p>Red pandas are excellent climbers, and forage largely in trees. They eat mostly bamboo, and
      may eat small mammals, birds, eggs, flowers, and berries. </p>
    <p> In captivity, they were observed to eat birds, flowers, maple and mulberry leaves, and bark
      and fruits of maple, beech, and mulberry.</p>
    <p>The primary threats to red pandas are direct harvest from the wild, live or dead, competition
      with domestic livestock resulting in habitat degradation, and deforestation resulting in
      habitat loss or fragmentation. </p>
  </conbody>
</concept>