<?xml version="1.0" encoding="UTF-8"?>
<!DOCTYPE reference PUBLIC 
'-//OASIS//DTD DITA Reference//EN' 
  'dtd1.2/technicalContent/dtd/reference.dtd'>

<!--  This file is part of the DITA Open Toolkit project. See the accompanying LICENSE file for applicable license.  -->

<reference id="troubleshooting" xml:lang="en-US">
  <title>Completing a contract request</title>
  <shortdesc> Once you have selected the correct Contract Request type, you will want to fill out
    the correct sections for your request. This form is where you will enter all the necessary
    information about the client and the contract.</shortdesc>
  <refbody>
    <section id="out-of-memory-error">
      <title>How to complete the request</title>
      <p>This form is where you will enter all the necessary information about the client and the
        contract:</p>
      <ol>
        <li>The name of the client and the type of contract.</li>
        <li>The date you need the contract completed by.</li>
        <li>The program details for the contract you’re requesting.</li>
      </ol>
    </section>
    <section id="java-io-exception">
      <p> </p>
    </section>
  </refbody>
</reference>
