<?xml version="1.0" encoding="utf-8"?>
<!DOCTYPE task
  PUBLIC '-//OASIS//DTD DITA Task//EN'
  'dtd1.2/technicalContent/dtd/task.dtd'>
<!-- This file is part of the DITA Open Toolkit project hosted on 
     Sourceforge.net. See the accompanying license.txt file for 
     applicable licenses.-->
<!-- (C) Copyright IBM Corporation 2001, 2005. All Rights Reserved.
 *-->
<task id="changeoil" xml:lang="en-us">
  <title>Submitting a contract request</title>
  <shortdesc>Once you have selected the correct Contract Request type, you will want to fill out the
    correct sections for your request. </shortdesc>
  <taskbody>
    <context>
      <p>This is how you submit a contract request. </p>
    </context>
    <steps>
      <stepsection>To submit the request:</stepsection>
      <step>
        <cmd>When you’ve completed your request, click <b>Save</b>.</cmd>
      </step>
      <step>
        <cmd>Review your contract request. </cmd>
      </step>
      <step>
        <cmd>To make further edits, click <b>Edit</b></cmd>
      </step>
    </steps>
  </taskbody>
  <related-links>
    <link format="dita" href="concept-hkc.xml" type="concept"/>
    <link format="dita" href="reference-hkc.xml" type="reference"/>
  </related-links>
</task>