<?xml version="1.0" encoding="utf-8"?><?workdir /E:\MCC\DITA\get_started_dita-dita_map\get_started_dita-dita_map\temp\pdf?><?workdir-uri file:/E:/MCC/DITA/get_started_dita-dita_map/get_started_dita-dita_map/temp/pdf/?><?path2project?><?path2project-uri ./?><?path2rootmap-uri ./?><?doctype-public -//OASIS//DTD DITA Concept//EN?><?doctype-system dtd1.2/technicalContent/dtd/concept.dtd?><concept xmlns:ditaarch="http://dita.oasis-open.org/architecture/2005/" xmlns:dita-ot="http://dita-ot.sourceforge.net/ns/201007/dita-ot" id="sample_concept" xml:lang="en-US" ditaarch:DITAArchVersion="1.3" domains="(topic concept)                            (topic abbrev-d)                            a(props deliveryTarget)                            (topic equation-d)                            (topic hazard-d)                            (topic hi-d)                            (topic indexing-d)                            (topic markup-d)                            (topic mathml-d)                            (topic pr-d)                            (topic relmgmt-d)                            (topic sw-d)                            (topic svg-d)                            (topic ui-d)                            (topic ut-d)                            (topic markup-d xml-d)   " class="- topic/topic concept/concept " xtrf="file:/E:/MCC/DITA/get_started_dita-dita_map/get_started_dita-dita_map/concept-hkc.xml" xtrc="concept:1;11:47">
  <title class="- topic/title " xtrf="file:/E:/MCC/DITA/get_started_dita-dita_map/get_started_dita-dita_map/concept-hkc.xml" xtrc="title:1;12:10">Red Pandas</title>
  <shortdesc class="- topic/shortdesc " xtrf="file:/E:/MCC/DITA/get_started_dita-dita_map/get_started_dita-dita_map/concept-hkc.xml" xtrc="shortdesc:1;13:14">A page about red pandas</shortdesc>
  <conbody class="- topic/body  concept/conbody " xtrf="file:/E:/MCC/DITA/get_started_dita-dita_map/get_started_dita-dita_map/concept-hkc.xml" xtrc="conbody:1;14:12">
    <p class="- topic/p " xtrf="file:/E:/MCC/DITA/get_started_dita-dita_map/get_started_dita-dita_map/concept-hkc.xml" xtrc="p:1;15:8">Red pandas are excellent climbers, and forage largely in trees. They eat mostly bamboo, and
      may eat small mammals, birds, eggs, flowers, and berries. </p>
    <p class="- topic/p " xtrf="file:/E:/MCC/DITA/get_started_dita-dita_map/get_started_dita-dita_map/concept-hkc.xml" xtrc="p:2;17:8"> In captivity, they were observed to eat birds, flowers, maple and mulberry leaves, and bark
      and fruits of maple, beech, and mulberry.</p>
    <p class="- topic/p " xtrf="file:/E:/MCC/DITA/get_started_dita-dita_map/get_started_dita-dita_map/concept-hkc.xml" xtrc="p:3;19:8">The primary threats to red pandas are direct harvest from the wild, live or dead, competition
      with domestic livestock resulting in habitat degradation, and deforestation resulting in
      habitat loss or fragmentation. </p>
  </conbody>
</concept>