<?xml version="1.0" encoding="UTF-8"?><map xmlns:ditaarch="http://dita.oasis-open.org/architecture/2005/" cascade="merge" class="- map/map " ditaarch:DITAArchVersion="1.3" domains="(map mapgroup-d)                            (topic abbrev-d)                            (topic delay-d)                            a(props deliveryTarget)                            (map ditavalref-d)                            (map glossref-d)                            (topic hazard-d)                            (topic hi-d)                            (topic indexing-d)                            (topic markup-d)                            (topic pr-d)                            (topic relmgmt-d)                            (topic sw-d)                            (topic ui-d)                            (topic ut-d)                            (topic markup-d xml-d)   " xtrc="map:1;3:6" xtrf="file:/E:/MCC/DITA/get_started_dita-dita_map/get_started_dita-dita_map/hkcmap.ditamap"><opentopic:map xmlns:ot-placeholder="http://suite-sol.com/namespaces/ot-placeholder" xmlns:opentopic="http://www.idiominc.com/opentopic">
 <title xmlns:dita-ot="http://dita-ot.sourceforge.net/ns/201007/dita-ot" class="- topic/title " xtrc="title:1;4:9" xtrf="file:/E:/MCC/DITA/get_started_dita-dita_map/get_started_dita-dita_map/hkcmap.ditamap">Contract requests for red pandas</title>
 <topicref xmlns:dita-ot="http://dita-ot.sourceforge.net/ns/201007/dita-ot" class="- map/topicref " xtrc="topicref:1;5:36" xtrf="file:/E:/MCC/DITA/get_started_dita-dita_map/get_started_dita-dita_map/hkcmap.ditamap" href="#unique_1" id="unique_1" type="concept" ohref="concept-hkc.xml" first_topic_id="#unique_1"><topicmeta class="- map/topicmeta " data-topic-id="sample_concept"><resourceid class="- topic/resourceid " oxy-source="topic" appid="sample_concept"/><navtitle class="- topic/navtitle ">Red Pandas</navtitle><?ditaot gentext?><linktext class="- map/linktext ">Red Pandas</linktext><?ditaot genshortdesc?><shortdesc class="- map/shortdesc ">A page about red pandas</shortdesc></topicmeta></topicref>
 <topicref xmlns:dita-ot="http://dita-ot.sourceforge.net/ns/201007/dita-ot" class="- map/topicref " xtrc="topicref:2;6:33" xtrf="file:/E:/MCC/DITA/get_started_dita-dita_map/get_started_dita-dita_map/hkcmap.ditamap" href="#unique_2" id="unique_2" type="task" ohref="task-hkc.xml" first_topic_id="#unique_2"><topicmeta class="- map/topicmeta " data-topic-id="changeoil"><resourceid class="- topic/resourceid " oxy-source="topic" appid="changeoil"/><navtitle class="- topic/navtitle ">Submitting a contract request</navtitle><?ditaot gentext?><linktext class="- map/linktext ">Submitting a contract request</linktext><?ditaot genshortdesc?><shortdesc class="- map/shortdesc ">Once you have selected the correct Contract Request type, you will want to fill out the     correct sections for your request. </shortdesc></topicmeta></topicref>
 <topicref xmlns:dita-ot="http://dita-ot.sourceforge.net/ns/201007/dita-ot" class="- map/topicref " xtrc="topicref:3;7:38" xtrf="file:/E:/MCC/DITA/get_started_dita-dita_map/get_started_dita-dita_map/hkcmap.ditamap" href="#unique_3" id="unique_3" type="reference" ohref="reference-hkc.xml" first_topic_id="#unique_3"><topicmeta class="- map/topicmeta " data-topic-id="troubleshooting"><resourceid class="- topic/resourceid " oxy-source="topic" appid="troubleshooting"/><navtitle class="- topic/navtitle ">Completing a contract request</navtitle><?ditaot gentext?><linktext class="- map/linktext ">Completing a contract request</linktext><?ditaot genshortdesc?><shortdesc class="- map/shortdesc "> Once you have selected the correct Contract Request type, you will want to fill out     the correct sections for your request. This form is where you will enter all the necessary     information about the client and the contract.</shortdesc></topicmeta></topicref>
</opentopic:map><concept xmlns:dita-ot="http://dita-ot.sourceforge.net/ns/201007/dita-ot" xml:lang="en-US" ditaarch:DITAArchVersion="1.3" domains="(topic concept)                            (topic abbrev-d)                            a(props deliveryTarget)                            (topic equation-d)                            (topic hazard-d)                            (topic hi-d)                            (topic indexing-d)                            (topic markup-d)                            (topic mathml-d)                            (topic pr-d)                            (topic relmgmt-d)                            (topic sw-d)                            (topic svg-d)                            (topic ui-d)                            (topic ut-d)                            (topic markup-d xml-d)   " class="- topic/topic concept/concept " xtrf="file:/E:/MCC/DITA/get_started_dita-dita_map/get_started_dita-dita_map/concept-hkc.xml" xtrc="concept:1;11:47" oid="sample_concept" id="unique_1">
  <title class="- topic/title " xtrf="file:/E:/MCC/DITA/get_started_dita-dita_map/get_started_dita-dita_map/concept-hkc.xml" xtrc="title:1;12:10">Red Pandas</title>
  <shortdesc class="- topic/shortdesc " xtrf="file:/E:/MCC/DITA/get_started_dita-dita_map/get_started_dita-dita_map/concept-hkc.xml" xtrc="shortdesc:1;13:14">A page about red pandas</shortdesc>
  <conbody class="- topic/body  concept/conbody " xtrf="file:/E:/MCC/DITA/get_started_dita-dita_map/get_started_dita-dita_map/concept-hkc.xml" xtrc="conbody:1;14:12">
    <p class="- topic/p " xtrf="file:/E:/MCC/DITA/get_started_dita-dita_map/get_started_dita-dita_map/concept-hkc.xml" xtrc="p:1;15:8">Red pandas are excellent climbers, and forage largely in trees. They eat mostly bamboo, and
      may eat small mammals, birds, eggs, flowers, and berries. </p>
    <p class="- topic/p " xtrf="file:/E:/MCC/DITA/get_started_dita-dita_map/get_started_dita-dita_map/concept-hkc.xml" xtrc="p:2;17:8"> In captivity, they were observed to eat birds, flowers, maple and mulberry leaves, and bark
      and fruits of maple, beech, and mulberry.</p>
    <p class="- topic/p " xtrf="file:/E:/MCC/DITA/get_started_dita-dita_map/get_started_dita-dita_map/concept-hkc.xml" xtrc="p:3;19:8">The primary threats to red pandas are direct harvest from the wild, live or dead, competition
      with domestic livestock resulting in habitat degradation, and deforestation resulting in
      habitat loss or fragmentation. </p>
  </conbody>
</concept><task xmlns:dita-ot="http://dita-ot.sourceforge.net/ns/201007/dita-ot" xml:lang="en-us" ditaarch:DITAArchVersion="1.3" domains="(topic task)                            (topic abbrev-d)                            a(props deliveryTarget)                            (topic equation-d)                            (topic hazard-d)                            (topic hi-d)                            (topic indexing-d)                            (topic markup-d)                            (topic mathml-d)                            (topic pr-d)                            (topic relmgmt-d)                            (topic sw-d)                            (topic svg-d)                            (topic ui-d)                            (topic ut-d)                            (topic markup-d xml-d)                            (topic task strictTaskbody-c)   " class="- topic/topic task/task " xtrf="file:/E:/MCC/DITA/get_started_dita-dita_map/get_started_dita-dita_map/task-hkc.xml" xtrc="task:1;10:39" oid="changeoil" id="unique_2">
  <title class="- topic/title " xtrf="file:/E:/MCC/DITA/get_started_dita-dita_map/get_started_dita-dita_map/task-hkc.xml" xtrc="title:1;11:10">Submitting a contract request</title>
  <shortdesc class="- topic/shortdesc " xtrf="file:/E:/MCC/DITA/get_started_dita-dita_map/get_started_dita-dita_map/task-hkc.xml" xtrc="shortdesc:1;12:14">Once you have selected the correct Contract Request type, you will want to fill out the
    correct sections for your request. </shortdesc>
  <taskbody class="- topic/body task/taskbody " xtrf="file:/E:/MCC/DITA/get_started_dita-dita_map/get_started_dita-dita_map/task-hkc.xml" xtrc="taskbody:1;14:13">
    <context class="- topic/section task/context " xtrf="file:/E:/MCC/DITA/get_started_dita-dita_map/get_started_dita-dita_map/task-hkc.xml" xtrc="context:1;15:14">
      <p class="- topic/p " xtrf="file:/E:/MCC/DITA/get_started_dita-dita_map/get_started_dita-dita_map/task-hkc.xml" xtrc="p:1;16:10">This is how you submit a contract request. </p>
    </context>
    <steps class="- topic/ol task/steps " xtrf="file:/E:/MCC/DITA/get_started_dita-dita_map/get_started_dita-dita_map/task-hkc.xml" xtrc="steps:1;18:12">
      <stepsection class="- topic/li task/stepsection " xtrf="file:/E:/MCC/DITA/get_started_dita-dita_map/get_started_dita-dita_map/task-hkc.xml" xtrc="stepsection:1;19:20">To submit the request:</stepsection>
      <step class="- topic/li task/step " xtrf="file:/E:/MCC/DITA/get_started_dita-dita_map/get_started_dita-dita_map/task-hkc.xml" xtrc="step:1;20:13">
        <cmd class="- topic/ph task/cmd " xtrf="file:/E:/MCC/DITA/get_started_dita-dita_map/get_started_dita-dita_map/task-hkc.xml" xtrc="cmd:1;21:14">When you’ve completed your request, click <b class="+ topic/ph hi-d/b " xtrf="file:/E:/MCC/DITA/get_started_dita-dita_map/get_started_dita-dita_map/task-hkc.xml" xtrc="b:1;21:59">Save</b>.</cmd>
      </step>
      <step class="- topic/li task/step " xtrf="file:/E:/MCC/DITA/get_started_dita-dita_map/get_started_dita-dita_map/task-hkc.xml" xtrc="step:2;23:13">
        <cmd class="- topic/ph task/cmd " xtrf="file:/E:/MCC/DITA/get_started_dita-dita_map/get_started_dita-dita_map/task-hkc.xml" xtrc="cmd:2;24:14">Review your contract request. </cmd>
      </step>
      <step class="- topic/li task/step " xtrf="file:/E:/MCC/DITA/get_started_dita-dita_map/get_started_dita-dita_map/task-hkc.xml" xtrc="step:3;26:13">
        <cmd class="- topic/ph task/cmd " xtrf="file:/E:/MCC/DITA/get_started_dita-dita_map/get_started_dita-dita_map/task-hkc.xml" xtrc="cmd:3;27:14">To make further edits, click <b class="+ topic/ph hi-d/b " xtrf="file:/E:/MCC/DITA/get_started_dita-dita_map/get_started_dita-dita_map/task-hkc.xml" xtrc="b:2;27:46">Edit</b></cmd>
      </step>
    </steps>
  </taskbody>
  <related-links class="- topic/related-links " xtrf="file:/E:/MCC/DITA/get_started_dita-dita_map/get_started_dita-dita_map/task-hkc.xml" xtrc="related-links:1;31:18">
    <link format="dita" href="#unique_1" type="concept" class="- topic/link " xtrf="file:/E:/MCC/DITA/get_started_dita-dita_map/get_started_dita-dita_map/task-hkc.xml" xtrc="link:1;32:64" ohref="concept-hkc.xml"><?ditaot gentext?><linktext class="- topic/linktext ">Red Pandas</linktext><?ditaot genshortdesc?><desc class="- topic/desc ">A page about red pandas</desc></link>
    <link format="dita" href="#unique_3" type="reference" class="- topic/link " xtrf="file:/E:/MCC/DITA/get_started_dita-dita_map/get_started_dita-dita_map/task-hkc.xml" xtrc="link:2;33:68" ohref="reference-hkc.xml"><?ditaot gentext?><linktext class="- topic/linktext ">Completing a contract request</linktext><?ditaot genshortdesc?><desc class="- topic/desc "> Once you have selected the correct Contract Request type, you will want to fill out     the correct sections for your request. This form is where you will enter all the necessary     information about the client and the contract.</desc></link>
  </related-links>
</task><reference xmlns:dita-ot="http://dita-ot.sourceforge.net/ns/201007/dita-ot" xml:lang="en-US" ditaarch:DITAArchVersion="1.3" domains="(topic reference)                            (topic abbrev-d)                            a(props deliveryTarget)                            (topic equation-d)                            (topic hazard-d)                            (topic hi-d)                            (topic indexing-d)                            (topic markup-d)                            (topic mathml-d)                            (topic pr-d)                            (topic relmgmt-d)                            (topic sw-d)                            (topic svg-d)                            (topic ui-d)                            (topic ut-d)                            (topic markup-d xml-d)   " class="- topic/topic       reference/reference " xtrf="file:/E:/MCC/DITA/get_started_dita-dita_map/get_started_dita-dita_map/reference-hkc.xml" xtrc="reference:1;8:50" oid="troubleshooting" id="unique_3">
  <title class="- topic/title " xtrf="file:/E:/MCC/DITA/get_started_dita-dita_map/get_started_dita-dita_map/reference-hkc.xml" xtrc="title:1;9:10">Completing a contract request</title>
  <shortdesc class="- topic/shortdesc " xtrf="file:/E:/MCC/DITA/get_started_dita-dita_map/get_started_dita-dita_map/reference-hkc.xml" xtrc="shortdesc:1;10:14"> Once you have selected the correct Contract Request type, you will want to fill out
    the correct sections for your request. This form is where you will enter all the necessary
    information about the client and the contract.</shortdesc>
  <refbody class="- topic/body        reference/refbody " xtrf="file:/E:/MCC/DITA/get_started_dita-dita_map/get_started_dita-dita_map/reference-hkc.xml" xtrc="refbody:1;13:12">
    <section id="unique_3_Connect_42_out-of-memory-error" class="- topic/section " xtrf="file:/E:/MCC/DITA/get_started_dita-dita_map/get_started_dita-dita_map/reference-hkc.xml" xtrc="section:1;14:39">
      <title class="- topic/title " xtrf="file:/E:/MCC/DITA/get_started_dita-dita_map/get_started_dita-dita_map/reference-hkc.xml" xtrc="title:2;15:14">How to complete the request</title>
      <p class="- topic/p " xtrf="file:/E:/MCC/DITA/get_started_dita-dita_map/get_started_dita-dita_map/reference-hkc.xml" xtrc="p:1;16:10">This form is where you will enter all the necessary information about the client and the
        contract:</p>
      <ol class="- topic/ol " xtrf="file:/E:/MCC/DITA/get_started_dita-dita_map/get_started_dita-dita_map/reference-hkc.xml" xtrc="ol:1;18:11">
        <li class="- topic/li " xtrf="file:/E:/MCC/DITA/get_started_dita-dita_map/get_started_dita-dita_map/reference-hkc.xml" xtrc="li:1;19:13">The name of the client and the type of contract.</li>
        <li class="- topic/li " xtrf="file:/E:/MCC/DITA/get_started_dita-dita_map/get_started_dita-dita_map/reference-hkc.xml" xtrc="li:2;20:13">The date you need the contract completed by.</li>
        <li class="- topic/li " xtrf="file:/E:/MCC/DITA/get_started_dita-dita_map/get_started_dita-dita_map/reference-hkc.xml" xtrc="li:3;21:13">The program details for the contract you’re requesting.</li>
      </ol>
    </section>
    <section id="unique_3_Connect_42_java-io-exception" class="- topic/section " xtrf="file:/E:/MCC/DITA/get_started_dita-dita_map/get_started_dita-dita_map/reference-hkc.xml" xtrc="section:2;24:37">
      <p class="- topic/p " xtrf="file:/E:/MCC/DITA/get_started_dita-dita_map/get_started_dita-dita_map/reference-hkc.xml" xtrc="p:2;25:10"> </p>
    </section>
  </refbody>
</reference></map>