<?xml version="1.0" encoding="utf-8"?><?workdir /E:\MCC\DITA\get_started_dita-dita_map\get_started_dita-dita_map\temp\pdf?><?workdir-uri file:/E:/MCC/DITA/get_started_dita-dita_map/get_started_dita-dita_map/temp/pdf/?><?path2project?><?path2project-uri ./?><?path2rootmap-uri ./?><?doctype-public -//OASIS//DTD DITA Reference//EN?><?doctype-system dtd1.2/technicalContent/dtd/reference.dtd?><reference xmlns:ditaarch="http://dita.oasis-open.org/architecture/2005/" xmlns:dita-ot="http://dita-ot.sourceforge.net/ns/201007/dita-ot" id="troubleshooting" xml:lang="en-US" ditaarch:DITAArchVersion="1.3" domains="(topic reference)                            (topic abbrev-d)                            a(props deliveryTarget)                            (topic equation-d)                            (topic hazard-d)                            (topic hi-d)                            (topic indexing-d)                            (topic markup-d)                            (topic mathml-d)                            (topic pr-d)                            (topic relmgmt-d)                            (topic sw-d)                            (topic svg-d)                            (topic ui-d)                            (topic ut-d)                            (topic markup-d xml-d)   " class="- topic/topic       reference/reference " xtrf="file:/E:/MCC/DITA/get_started_dita-dita_map/get_started_dita-dita_map/reference-hkc.xml" xtrc="reference:1;8:50">
  <title class="- topic/title " xtrf="file:/E:/MCC/DITA/get_started_dita-dita_map/get_started_dita-dita_map/reference-hkc.xml" xtrc="title:1;9:10">Completing a contract request</title>
  <shortdesc class="- topic/shortdesc " xtrf="file:/E:/MCC/DITA/get_started_dita-dita_map/get_started_dita-dita_map/reference-hkc.xml" xtrc="shortdesc:1;10:14"> Once you have selected the correct Contract Request type, you will want to fill out
    the correct sections for your request. This form is where you will enter all the necessary
    information about the client and the contract.</shortdesc>
  <refbody class="- topic/body        reference/refbody " xtrf="file:/E:/MCC/DITA/get_started_dita-dita_map/get_started_dita-dita_map/reference-hkc.xml" xtrc="refbody:1;13:12">
    <section id="out-of-memory-error" class="- topic/section " xtrf="file:/E:/MCC/DITA/get_started_dita-dita_map/get_started_dita-dita_map/reference-hkc.xml" xtrc="section:1;14:39">
      <title class="- topic/title " xtrf="file:/E:/MCC/DITA/get_started_dita-dita_map/get_started_dita-dita_map/reference-hkc.xml" xtrc="title:2;15:14">How to complete the request</title>
      <p class="- topic/p " xtrf="file:/E:/MCC/DITA/get_started_dita-dita_map/get_started_dita-dita_map/reference-hkc.xml" xtrc="p:1;16:10">This form is where you will enter all the necessary information about the client and the
        contract:</p>
      <ol class="- topic/ol " xtrf="file:/E:/MCC/DITA/get_started_dita-dita_map/get_started_dita-dita_map/reference-hkc.xml" xtrc="ol:1;18:11">
        <li class="- topic/li " xtrf="file:/E:/MCC/DITA/get_started_dita-dita_map/get_started_dita-dita_map/reference-hkc.xml" xtrc="li:1;19:13">The name of the client and the type of contract.</li>
        <li class="- topic/li " xtrf="file:/E:/MCC/DITA/get_started_dita-dita_map/get_started_dita-dita_map/reference-hkc.xml" xtrc="li:2;20:13">The date you need the contract completed by.</li>
        <li class="- topic/li " xtrf="file:/E:/MCC/DITA/get_started_dita-dita_map/get_started_dita-dita_map/reference-hkc.xml" xtrc="li:3;21:13">The program details for the contract you’re requesting.</li>
      </ol>
    </section>
    <section id="java-io-exception" class="- topic/section " xtrf="file:/E:/MCC/DITA/get_started_dita-dita_map/get_started_dita-dita_map/reference-hkc.xml" xtrc="section:2;24:37">
      <p class="- topic/p " xtrf="file:/E:/MCC/DITA/get_started_dita-dita_map/get_started_dita-dita_map/reference-hkc.xml" xtrc="p:2;25:10"> </p>
    </section>
  </refbody>
</reference>