<?xml version="1.0" encoding="utf-8"?><?workdir /E:\MCC\DITA\get_started_dita-dita_map\get_started_dita-dita_map\temp\pdf?><?workdir-uri file:/E:/MCC/DITA/get_started_dita-dita_map/get_started_dita-dita_map/temp/pdf/?><?path2project?><?path2project-uri ./?><?path2rootmap-uri ./?><?doctype-public -//OASIS//DTD DITA Task//EN?><?doctype-system dtd1.2/technicalContent/dtd/task.dtd?><task xmlns:ditaarch="http://dita.oasis-open.org/architecture/2005/" xmlns:dita-ot="http://dita-ot.sourceforge.net/ns/201007/dita-ot" id="changeoil" xml:lang="en-us" ditaarch:DITAArchVersion="1.3" domains="(topic task)                            (topic abbrev-d)                            a(props deliveryTarget)                            (topic equation-d)                            (topic hazard-d)                            (topic hi-d)                            (topic indexing-d)                            (topic markup-d)                            (topic mathml-d)                            (topic pr-d)                            (topic relmgmt-d)                            (topic sw-d)                            (topic svg-d)                            (topic ui-d)                            (topic ut-d)                            (topic markup-d xml-d)                            (topic task strictTaskbody-c)   " class="- topic/topic task/task " xtrf="file:/E:/MCC/DITA/get_started_dita-dita_map/get_started_dita-dita_map/task-hkc.xml" xtrc="task:1;10:39">
  <title class="- topic/title " xtrf="file:/E:/MCC/DITA/get_started_dita-dita_map/get_started_dita-dita_map/task-hkc.xml" xtrc="title:1;11:10">Submitting a contract request</title>
  <shortdesc class="- topic/shortdesc " xtrf="file:/E:/MCC/DITA/get_started_dita-dita_map/get_started_dita-dita_map/task-hkc.xml" xtrc="shortdesc:1;12:14">Once you have selected the correct Contract Request type, you will want to fill out the
    correct sections for your request. </shortdesc>
  <taskbody class="- topic/body task/taskbody " xtrf="file:/E:/MCC/DITA/get_started_dita-dita_map/get_started_dita-dita_map/task-hkc.xml" xtrc="taskbody:1;14:13">
    <context class="- topic/section task/context " xtrf="file:/E:/MCC/DITA/get_started_dita-dita_map/get_started_dita-dita_map/task-hkc.xml" xtrc="context:1;15:14">
      <p class="- topic/p " xtrf="file:/E:/MCC/DITA/get_started_dita-dita_map/get_started_dita-dita_map/task-hkc.xml" xtrc="p:1;16:10">This is how you submit a contract request. </p>
    </context>
    <steps class="- topic/ol task/steps " xtrf="file:/E:/MCC/DITA/get_started_dita-dita_map/get_started_dita-dita_map/task-hkc.xml" xtrc="steps:1;18:12">
      <stepsection class="- topic/li task/stepsection " xtrf="file:/E:/MCC/DITA/get_started_dita-dita_map/get_started_dita-dita_map/task-hkc.xml" xtrc="stepsection:1;19:20">To submit the request:</stepsection>
      <step class="- topic/li task/step " xtrf="file:/E:/MCC/DITA/get_started_dita-dita_map/get_started_dita-dita_map/task-hkc.xml" xtrc="step:1;20:13">
        <cmd class="- topic/ph task/cmd " xtrf="file:/E:/MCC/DITA/get_started_dita-dita_map/get_started_dita-dita_map/task-hkc.xml" xtrc="cmd:1;21:14">When you’ve completed your request, click <b class="+ topic/ph hi-d/b " xtrf="file:/E:/MCC/DITA/get_started_dita-dita_map/get_started_dita-dita_map/task-hkc.xml" xtrc="b:1;21:59">Save</b>.</cmd>
      </step>
      <step class="- topic/li task/step " xtrf="file:/E:/MCC/DITA/get_started_dita-dita_map/get_started_dita-dita_map/task-hkc.xml" xtrc="step:2;23:13">
        <cmd class="- topic/ph task/cmd " xtrf="file:/E:/MCC/DITA/get_started_dita-dita_map/get_started_dita-dita_map/task-hkc.xml" xtrc="cmd:2;24:14">Review your contract request. </cmd>
      </step>
      <step class="- topic/li task/step " xtrf="file:/E:/MCC/DITA/get_started_dita-dita_map/get_started_dita-dita_map/task-hkc.xml" xtrc="step:3;26:13">
        <cmd class="- topic/ph task/cmd " xtrf="file:/E:/MCC/DITA/get_started_dita-dita_map/get_started_dita-dita_map/task-hkc.xml" xtrc="cmd:3;27:14">To make further edits, click <b class="+ topic/ph hi-d/b " xtrf="file:/E:/MCC/DITA/get_started_dita-dita_map/get_started_dita-dita_map/task-hkc.xml" xtrc="b:2;27:46">Edit</b></cmd>
      </step>
    </steps>
  </taskbody>
  <related-links class="- topic/related-links " xtrf="file:/E:/MCC/DITA/get_started_dita-dita_map/get_started_dita-dita_map/task-hkc.xml" xtrc="related-links:1;31:18">
    <link format="dita" href="concept-hkc.xml" type="concept" class="- topic/link " xtrf="file:/E:/MCC/DITA/get_started_dita-dita_map/get_started_dita-dita_map/task-hkc.xml" xtrc="link:1;32:64"><?ditaot gentext?><linktext class="- topic/linktext ">Red Pandas</linktext><?ditaot genshortdesc?><desc class="- topic/desc ">A page about red pandas</desc></link>
    <link format="dita" href="reference-hkc.xml" type="reference" class="- topic/link " xtrf="file:/E:/MCC/DITA/get_started_dita-dita_map/get_started_dita-dita_map/task-hkc.xml" xtrc="link:2;33:68"><?ditaot gentext?><linktext class="- topic/linktext ">Completing a contract request</linktext><?ditaot genshortdesc?><desc class="- topic/desc "> Once you have selected the correct Contract Request type, you will want to fill out     the correct sections for your request. This form is where you will enter all the necessary     information about the client and the contract.</desc></link>
  </related-links>
</task>